provinsi,kelompok_pulau,ipm,miskin_pct_mar2022,miskin_ribu_mar2022,tpt_agu2022,rls_15plus_th,uhh_lk,uhh_pr,uhh_rata2_lp,pengeluaran_kapita_ribu_rp,gini_mar2022,sanitasi_layak_pct,air_minum_layak_pct,pdrb_kapita_ribu_rp
Aceh,Sumatera,74.11,14.64,806.82,6.17,9.79,70.95,74.99,72.97,9963.0,0.311,77.48,89.7,38767.0
Sumatera Utara,Sumatera,74.51,8.42,1268.19,6.16,9.99,71.26,75.63,73.44,10848.0,0.312,82.3,92.13,62922.0
Sumatera Barat,Sumatera,75.16,5.92,335.21,6.28,9.51,71.58,76.3,73.94,11130.0,0.3,69.27,85.23,50264.0
Riau,Sumatera,74.45,6.78,485.03,4.37,9.54,71.62,76.39,74.0,11158.0,0.326,84.06,90.07,151259.0
Jambi,Sumatera,73.11,7.62,279.37,4.59,9.07,71.4,75.93,73.67,10871.0,0.32,79.54,79.19,76224.0
Sumatera Selatan,Sumatera,72.48,11.9,1044.69,4.63,8.82,71.5,76.13,73.82,11109.0,0.339,78.62,86.35,68239.0
Bengkulu,Sumatera,73.68,14.62,297.23,3.59,9.28,70.93,74.97,72.95,10840.0,0.315,79.58,73.07,43757.0
Lampung,Sumatera,71.79,11.57,1002.41,4.52,8.61,71.62,76.39,74.0,10336.0,0.314,83.65,81.6,44982.0
Kepulauan Bangka Belitung,Sumatera,73.5,4.45,66.78,4.77,8.57,71.45,76.02,73.74,13358.0,0.236,91.63,80.96,63866.0
Kepulauan Riau,Sumatera,78.48,6.24,151.68,8.23,10.46,72.06,77.31,74.68,14469.0,0.342,87.74,91.82,145530.0
DKI Jakarta,Jawa,82.77,4.69,502.04,7.18,11.3,72.79,78.43,75.61,18927.0,0.423,92.79,97.93,299675.0
Jawa Barat,Jawa,73.63,8.06,4070.98,8.31,9.14,72.08,77.35,74.72,11277.0,0.417,74.02,93.04,49137.0
Jawa Tengah,Jawa,72.8,10.93,3831.44,5.57,8.38,72.71,77.25,74.98,11377.0,0.374,84.37,93.32,41934.0
DI Yogyakarta,Jawa,80.65,11.34,454.76,4.06,10.07,73.28,77.01,75.15,14482.0,0.439,96.21,96.5,44639.0
Jawa Timur,Jawa,74.05,10.38,4181.29,5.49,8.5,72.03,77.24,74.63,11992.0,0.371,81.13,95.05,66248.0
Banten,Jawa,75.25,6.16,814.02,8.09,9.46,71.95,77.09,74.52,12216.0,0.363,85.12,92.71,61414.0
Bali,Bali dan Nusa Tenggara,77.4,4.57,205.69,4.8,9.74,72.05,77.28,74.66,13942.0,0.363,95.94,98.42,56093.0
Nusa Tenggara Barat,Bali dan Nusa Tenggara,71.65,13.68,731.94,2.89,8.31,69.72,73.7,71.71,10681.0,0.373,83.12,95.4,28671.0
Nusa Tenggara Timur,Bali dan Nusa Tenggara,67.63,20.05,1131.62,3.54,8.25,69.37,73.33,71.35,7877.0,0.334,73.7,86.76,21658.0
Kalimantan Barat,Kalimantan,69.71,6.73,350.25,5.11,8.1,71.31,75.74,73.53,9355.0,0.314,77.41,80.43,46092.0
Kalimantan Tengah,Kalimantan,73.17,5.28,145.1,4.26,9.03,71.23,75.56,73.4,11458.0,0.319,74.33,77.01,72973.0
Kalimantan Selatan,Kalimantan,74.0,4.49,195.7,4.74,8.89,71.46,76.05,73.76,12469.0,0.317,82.55,76.18,60213.0
Kalimantan Timur,Kalimantan,77.36,6.31,236.25,5.71,10.13,72.5,76.52,74.51,12641.0,0.327,90.33,87.14,238917.0
Kalimantan Utara,Kalimantan,72.21,6.77,49.46,4.33,9.45,71.34,75.79,73.56,9350.0,0.272,82.22,89.96,192588.0
Sulawesi Utara,Sulawesi,74.52,7.28,185.14,6.61,9.87,71.39,75.9,73.65,11179.0,0.365,84.05,94.15,59021.0
Sulawesi Tengah,Sulawesi,71.01,12.33,388.36,3.0,9.17,68.57,72.5,70.54,9696.0,0.308,75.01,86.74,106068.0
Sulawesi Selatan,Sulawesi,73.96,8.63,777.44,4.51,9.09,71.27,75.64,73.46,11430.0,0.377,92.24,91.96,65353.0
Sulawesi Tenggara,Sulawesi,72.38,11.17,309.79,3.36,9.59,69.76,73.74,71.75,9708.0,0.387,87.07,94.64,58715.0
Gorontalo,Sulawesi,70.62,15.42,185.44,2.58,8.39,68.3,72.24,70.27,9850.0,0.418,79.82,96.16,39691.0
Sulawesi Barat,Sulawesi,69.19,11.75,165.72,2.34,8.47,68.5,72.43,70.46,9358.0,0.362,78.88,78.98,37034.0
Maluku,Maluku dan Papua,72.04,15.97,290.57,6.88,10.37,68.24,72.18,70.21,8876.0,0.301,76.47,92.1,28537.0
Maluku Utara,Maluku dan Papua,70.26,6.23,79.88,3.98,9.6,68.55,72.48,70.52,8398.0,0.279,79.39,88.1,53776.0
Papua Barat,Maluku dan Papua,66.72,21.33,218.78,5.37,10.14,66.29,70.27,68.28,8101.0,0.37,73.52,81.57,78141.0
Papua,Maluku dan Papua,62.16,26.56,922.12,2.83,7.31,66.03,70.02,68.03,7146.0,0.406,40.34,65.39,59384.0
