provinsi,kelompok_pulau
Aceh,Sumatera
Sumatera Utara,Sumatera
Sumatera Barat,Sumatera
Riau,Sumatera
Jambi,Sumatera
Sumatera Selatan,Sumatera
Bengkulu,Sumatera
Lampung,Sumatera
Kepulauan Bangka Belitung,Sumatera
Kepulauan Riau,Sumatera
DKI Jakarta,Jawa
Jawa Barat,Jawa
Jawa Tengah,Jawa
DI Yogyakarta,Jawa
Jawa Timur,Jawa
Banten,Jawa
Bali,Bali dan Nusa Tenggara
Nusa Tenggara Barat,Bali dan Nusa Tenggara
Nusa Tenggara Timur,Bali dan Nusa Tenggara
Kalimantan Barat,Kalimantan
Kalimantan Tengah,Kalimantan
Kalimantan Selatan,Kalimantan
Kalimantan Timur,Kalimantan
Kalimantan Utara,Kalimantan
Sulawesi Utara,Sulawesi
Sulawesi Tengah,Sulawesi
Sulawesi Selatan,Sulawesi
Sulawesi Tenggara,Sulawesi
Gorontalo,Sulawesi
Sulawesi Barat,Sulawesi
Maluku,Maluku dan Papua
Maluku Utara,Maluku dan Papua
Papua Barat,Maluku dan Papua
Papua,Maluku dan Papua
