provinsi,masuk_L,masuk_P,masuk_LP,keluar_L,keluar_P,keluar_LP,neto_L,neto_P,neto_LP
Aceh,20030,18609,38639,18931,17457,36388,1099,1152,2251
Sumatera Utara,93064,89089,182153,101811,108819,210630,-8747,-19730,-28477
Sumatera Barat,93229,85620,178849,47784,45397,93181,45445,40223,85668
Riau,65720,66109,131829,78209,74774,152983,-12489,-8665,-21154
Jambi,26682,26241,52923,32556,28120,60675,-5874,-1879,-7752
Sumatera Selatan,43569,43328,86897,56639,57076,113715,-13070,-13748,-26818
Bengkulu,17390,17454,34844,14105,14791,28897,3285,2663,5947
Lampung,62088,65553,127641,52113,51697,103811,9975,13856,23830
Kep. Bangka Belitung,15219,15151,30370,10311,8056,18367,4908,7095,12003
Kepulauan Riau,44567,49632,94199,42221,40943,83164,2346,8689,11035
DKI Jakarta,95316,117140,212457,421981,375487,797468,-326665,-258347,-585011
Jawa Barat,357565,358905,716469,258700,247869,506570,98865,111036,209899
Jawa Tengah,433103,345421,778524,201997,209894,411891,231106,135527,366633
DI Yogyakarta,87293,91592,178885,50895,49753,100649,36398,41839,78236
Jawa Timur,195125,169229,364354,143492,137461,280954,51633,31768,83400
Banten,117810,123177,240986,120426,112044,232470,-2616,11133,8516
Bali,23996,25174,49171,43190,30876,74066,-19194,-5702,-24895
Nusa Tenggara Barat,116723,45926,162649,16141,14793,30934,100582,31133,131715
Nusa Tenggara Timur,59627,49750,109377,30066,27101,57167,29561,22649,52210
Kalimantan Barat,36656,21985,58641,24650,19040,43690,12006,2945,14951
Kalimantan Tengah,39034,32005,71039,43723,31161,74884,-4689,844,-3845
Kalimantan Selatan,30992,28688,59680,29501,24364,53866,1491,4324,5814
Kalimantan Timur,53095,50685,103780,73258,53826,127084,-20163,-3141,-23304
Kalimantan Utara,13341,12803,26144,14580,11496,26076,-1239,1307,68
Sulawesi Utara,15560,15770,31330,16024,15552,31576,-464,218,-246
Sulawesi Tengah,23883,21794,45678,21594,22488,44083,2289,-694,1595
Sulawesi Selatan,80569,74732,155301,78249,75422,153670,2320,-690,1631
Sulawesi Tenggara,41014,33726,74740,18321,17602,35923,22693,16124,38817
Gorontalo,9838,10516,20354,6072,6783,12855,3766,3733,7499
Sulawesi Barat,17897,16567,34464,11545,12538,24083,6352,4029,10381
Maluku,13692,13317,27010,15469,14282,29751,-1777,-965,-2741
Maluku Utara,7700,7436,15136,7905,7380,15284,-205,56,-148
Papua Barat,18002,17311,35314,17995,13659,31654,7,3652,3660
Papua,21156,17982,39138,40714,28680,69394,-19558,-10698,-30256
