provinsi,penduduk_5plus,migran_masuk,migran_keluar,migran_neto,masuk_per1000,keluar_per1000,neto_per1000
Aceh,4915358.0,38639,36388,2251,7.86,7.4,0.46
Sumatera Utara,13739313.0,182153,210630,-28477,13.26,15.33,-2.07
Sumatera Barat,5182031.0,178849,93181,85668,34.51,17.98,16.53
Riau,5997281.0,131829,152983,-21154,21.98,25.51,-3.53
Jambi,3318392.0,52923,60675,-7752,15.95,18.28,-2.34
Sumatera Selatan,7893556.0,86897,113715,-26818,11.01,14.41,-3.4
Bengkulu,1884154.0,34844,28897,5947,18.49,15.34,3.16
Lampung,8409645.0,127641,103811,23830,15.18,12.34,2.83
Kepulauan Bangka Belitung,1371084.0,30370,18367,12003,22.15,13.4,8.75
Kepulauan Riau,1985101.0,94199,83164,11035,47.45,41.89,5.56
DKI Jakarta,9881205.0,212457,797468,-585011,21.5,80.71,-59.2
Jawa Barat,45450109.0,716469,506570,209899,15.76,11.15,4.62
Jawa Tengah,34353684.0,778524,411891,366633,22.66,11.99,10.67
DI Yogyakarta,3512994.0,178885,100649,78236,50.92,28.65,22.27
Jawa Timur,38366135.0,364354,280954,83400,9.5,7.32,2.17
Banten,11209031.0,240986,232470,8516,21.5,20.74,0.76
Bali,4112331.0,49171,74066,-24895,11.96,18.01,-6.05
Nusa Tenggara Barat,4974331.0,162649,30934,131715,32.7,6.22,26.48
Nusa Tenggara Timur,4906763.0,109377,57167,52210,22.29,11.65,10.64
Kalimantan Barat,5067031.0,58641,43690,14951,11.57,8.62,2.95
Kalimantan Tengah,2519185.0,71039,74884,-3845,28.2,29.73,-1.53
Kalimantan Selatan,3821085.0,59680,53866,5814,15.62,14.1,1.52
Kalimantan Timur,3543701.0,103780,127084,-23304,29.29,35.86,-6.58
Kalimantan Utara,666533.0,26144,26076,68,39.22,39.12,0.1
Sulawesi Utara,2462849.0,31330,31576,-246,12.72,12.82,-0.1
Sulawesi Tengah,2787674.0,45678,44083,1595,16.39,15.81,0.57
Sulawesi Selatan,8487196.0,155301,153670,1631,18.3,18.11,0.19
Sulawesi Tenggara,2444232.0,74740,35923,38817,30.58,14.7,15.88
Gorontalo,1094826.0,20354,12855,7499,18.59,11.74,6.85
Sulawesi Barat,1318409.0,34464,24083,10381,26.14,18.27,7.87
Maluku,1718964.0,27010,29751,-2741,15.71,17.31,-1.59
Maluku Utara,1196106.0,15136,15284,-148,12.65,12.78,-0.12
Papua Barat,1079836.0,35314,31654,3660,32.7,29.31,3.39
Papua,4009223.0,39138,69394,-30256,9.76,17.31,-7.55
