provinsi_tujuan,jumlah
Aceh,2493
Sumatera Utara,9839
Sumatera Barat,4820
Riau,1880
Jambi,5163
Sumatera Selatan,1213
Bengkulu,394
Lampung,7458
Kep. Bangka Belitung,149
Kepulauan Riau,1387
DKI Jakarta,2461
Jawa Barat,34671
Jawa Tengah,60947
DI Yogyakarta,3421
Jawa Timur,82361
Banten,4711
Bali,2350
Nusa Tenggara Barat,93230
Nusa Tenggara Timur,13764
Kalimantan Barat,25212
Kalimantan Tengah,285
Kalimantan Selatan,1002
Kalimantan Timur,1396
Kalimantan Utara,2758
Sulawesi Utara,511
Sulawesi Tengah,707
Sulawesi Selatan,28728
Sulawesi Tenggara,3512
Gorontalo,7
Sulawesi Barat,3603
Maluku,238
Maluku Utara,3
Papua Barat,83
Papua,357
