variabel;judul_tabel_publikasi;tahun_data;satuan;url;tanggal_akses;catatan
Indeks Pembangunan Manusia (IPM);Indeks Pembangunan Manusia Menurut Provinsi;2022;indeks;https://www.bps.go.id/id/statistics-table/3/V25GaFNHaExaMnhITm1sWmRrUlJZelJzYUc1SGR6MDkjMyMwMDAw/indeks-pembangunan-manusia-menurut-provinsi.html?year=2022;03/10/2026;IPM 2020-2023 dihitung dengan UHH hasil LF SP2020 (catatan di tabel)
Persentase penduduk miskin;Jumlah dan Persentase Penduduk Miskin Menurut Provinsi;2022 (Maret);%;https://www.bps.go.id/id/statistics-table/3/UkVkWGJVZFNWakl6VWxKVFQwWjVWeTlSZDNabVFUMDkjMw==/jumlah-dan-persentase-penduduk-miskin-menurut-provinsi-2022.html?year=2022;03/10/2026;Kolom September berisi '...' pada unduhan, dipakai Maret 2022
Tingkat Pengangguran Terbuka (TPT);Tingkat Pengangguran Terbuka (TPT) dan Tingkat Partisipasi Angkatan Kerja (TPAK) Menurut Provinsi;2022 (Agustus);%;https://www.bps.go.id/id/statistics-table/3/V2pOVWJWcHJURGg0U2pONFJYaExhVXB0TUhacVFUMDkjMw==/tingkat-pengangguran-terbuka--tpt--dan-tingkat-partisipasi-angkatan-kerja--tpak--menurut-provinsi--2022.html?year=2022;03/10/2026;Dipilih Agustus 2022
PDRB per kapita;Produk Domestik Regional Bruto per Kapita Atas Dasar Harga Berlaku Menurut Provinsi (ribu rupiah);2022;ribu rupiah;https://www.bps.go.id/id/statistics-table/3/YWtoQlRVZzNiMU5qU1VOSlRFeFZiRTR4VDJOTVVUMDkjMw==/produk-domestik-regional-bruto-per-kapita-atas-dasar-harga-berlaku-menurut-provinsi--ribu-rupiah---2022.html?year=2022;03/10/2026;Sumber di tabel: BPS, berbagai sensus, survei, dan sumber lain
Pengeluaran per kapita disesuaikan;[Metode Baru] Pengeluaran per Kapita Disesuaikan;2022;ribu rupiah/orang/tahun;https://www.bps.go.id/id/statistics-table/2/NDE2IzI=/-metode-baru--pengeluaran-per-kapita-disesuaikan.html;03/10/2026;Unduhan memuat provinsi dan kab/kota
Migrasi risen antarprovinsi;Statistik Migrasi Indonesia Hasil Long Form Sensus Penduduk 2020 (Tabel 5.3 dan Tabel 7);2023 (terbit);jiwa;https://www.bps.go.id/id/publication/2023/07/20/97c956dd7ff3ece924911115/statistik-migrasi-indonesia-hasil-long-form-sensus-penduduk-2020.html;03/10/2026;
Rata-rata lama sekolah;Rata-Rata Lama Sekolah Penduduk Umur 15 Tahun ke Atas Menurut Provinsi;2022;tahun;https://www.bps.go.id/id/statistics-table/2/MTQyOSMy/rata-rata-lama-sekolah-penduduk-umur-15-tahun-ke-atas-menurut-provinsi.html;03/10/2026;Penduduk 15+ (bukan 25+ seperti komponen IPM)
Gini ratio;Gini Ratio Menurut Provinsi dan Daerah;2022 (Semester 1/Maret, kota+desa);indeks;https://www.bps.go.id/id/statistics-table/2/OTgjMg==/gini-ratio-menurut-provinsi-dan-daerah.html;03/10/2026;Kolom Tahunan kosong pada unduhan, dipakai Maret
Akses sanitasi layak;Persentase Rumah Tangga menurut Provinsi dan Memiliki Akses terhadap Sanitasi Layak;2022;%;https://www.bps.go.id/id/statistics-table/2/ODQ3IzI=/persentase-rumah-tangga-menurut-provinsi-dan-memiliki-akses-terhadap-sanitasi-layak.html;03/10/2026;
Akses air minum layak;Persentase Rumah Tangga yang Memiliki Akses terhadap Sumber Air Minum Layak Menurut Provinsi dan Klasifikasi Desa;2022 (kota+desa);%;https://www.bps.go.id/id/statistics-table/2/ODU0IzI=/persentase-rumah-tangga-yang-memiliki-akses-terhadap-sumber-air-minum-layak-menurut-provinsi-dan-klasifikasi-desa--persen-.html;03/10/2026;
Penduduk 5+ menurut status migrasi risen;Jumlah Penduduk Berumur 5 Tahun ke Atas menurut provinsi, jenis kelamin, dan migrasi risen (isi judul persis dari BPS);2022;jiwa;https://sensus.bps.go.id/topik/tabular/sp2022/171/0/0;03/10/2026;Dipakai sebagai penyebut migrasi per 1.000 penduduk 5+
PDRB menurut lapangan usaha;Produk Domestik Regional Bruto Provinsi-Provinsi di Indonesia Menurut Lapangan Usaha 2020-2024, Tabel 87;2022;persen dan miliar Rp;https://www.bps.go.id/id/publication/2025/04/11/95c729ee8c6fb5e2cb86b00f/produk-domestik-regional-bruto-provinsi-provinsi-di-indonesia-menurut-lapangan-usaha-2020-2024.html;03/10/2026;Persen disalin manual
Umur harapan hidup saat lahir (UHH), laki-laki dan perempuan;Umur Harapan Hidup saat lahir menurut Provinsi dan Jenis Kelamin (menggunakan UHH hasil SP2020 LF);2022;tahun;https://www.bps.go.id/id/statistics-table/2/MjI3MyMy/umur-harapan-hidup-saat-lahir-menurut-provinsi-dan-jenis-kelamin--menggunakan-uhh-hasil-sp2020-lf-.html;04/10/2026;"Unduhan per jenis kelamin; dipakai rata-rata sederhana L dan P sebagai aproksimasi UHH gabungan"
